country_name,country_code,contact_volume,avg_aht_minutes,fcr_rate,avg_csat,backlog_end_of_week,compensation_cost,total_orders,cancelled_orders,cancellation_rate,contact_rate
Germany,DE,97.0,7.76319587628866,0.8693123711340205,4.09741935483871,27.0,297.3,999.0,42.0,0.042042042042042045,0.0970970970970971
Netherlands,NL,78.0,7.831282051282051,0.9040679487179488,4.2812,31.0,232.41,692.0,38.0,0.05491329479768786,0.11271676300578035
United Kingdom,UK,72.0,7.596527777777778,0.9209999999999999,4.0,26.0,146.20999999999998,869.0,36.0,0.04142692750287687,0.08285385500575373
Poland,PL,66.0,7.1525757575757565,0.9049681818181818,4.250624999999999,23.0,174.84,554.0,23.0,0.04151624548736462,0.11913357400722022
Austria,AT,41.0,7.499512195121952,0.8926999999999999,3.8905555555555558,16.0,144.76999999999998,393.0,15.0,0.03816793893129771,0.10432569974554708
